"corrected","Monkey","Monkey_number","Freezer Name","Location of Sample","Details:","Sample Quantity:","Quantity units:",,,,,,,,
"Adrenal (lt, rt)","Ninja",28477,"OHSU -80 Freezer #4",1,,,,,,,,,,,
"Adrenal (lt, rt)","Ninja",28477,"OHSU -80 Freezer #4",1,,,,,,,,,,,
"Adrenal (lt, rt)","Weeza",28478,"OHSU -80 Freezer #4",1,,,,,,,,,,,
"Adrenal (lt, rt)","Weeza",28478,"OHSU -80 Freezer #4",1,,,,,,,,,,,
"Adrenal (lt, rt)","Magda",28480,"OHSU -80 Freezer #4",1,,,,,,,,,,,
"Adrenal (lt, rt)","Magda",28480,"OHSU -80 Freezer #4",1,,,,,,,,,,,
"Adrenal (lt, rt)","Cha Cha",28481,"OHSU -80 Freezer #4",1,,,,,,,,,,,
"Adrenal (lt, rt)","Cha Cha",28481,"OHSU -80 Freezer #4",1,,,,,,,,,,,
"Adrenal (lt, rt)","Margaret",28482,"OHSU -80 Freezer #4",1,,,,,,,,,,,
"Adrenal (lt, rt)","Margaret",28482,"OHSU -80 Freezer #4",1,,,,,,,,,,,
"Adrenal (lt, rt)","Isis",28483,"OHSU -80 Freezer #4",1,,,,,,,,,,,
"Adrenal (lt, rt)","Isis",28483,"OHSU -80 Freezer #4",1,,,,,,,,,,,
"Adrenal (lt, rt)","Rizzo",28484,"OHSU -80 Freezer #4",1,,,,,,,,,,,
"Adrenal (lt, rt)","Rizzo",28484,"OHSU -80 Freezer #4",1,,,,,,,,,,,
"Aortic Arch","Ninja",28477,"OHSU -80 Freezer #4",1,,,,,,,,,,,
"Aortic Arch","Weeza",28478,"OHSU -80 Freezer #4",1,,,,,,,,,,,
"Aortic Arch","Magda",28480,"OHSU -80 Freezer #4",1,,,,,,,,,,,
"Aortic Arch","Cha Cha",28481,"OHSU -80 Freezer #4",1,,,,,,,,,,,
"Aortic Arch","Margaret",28482,"OHSU -80 Freezer #4",1,,,,,,,,,,,
"Aortic Arch","Isis",28483,"OHSU -80 Freezer #4",1,,,,,,,,,,,
"Aortic Arch","Rizzo",28484,"OHSU -80 Freezer #4",1,,,,,,,,,,,
"Area 10","Ninja",28477,"OHSU -80 Freezer #4",5,,,,,,,,,,,
"Area 10","Weeza",28478,"OHSU -80 Freezer #4",5,,,,,,,,,,,
"Area 10","Magda",28480,"OHSU -80 Freezer #4",5,,,,,,,,,,,
"Area 10","Cha Cha",28481,"OHSU -80 Freezer #4",5,,,,,,,,,,,
"Area 10","Margaret",28482,"OHSU -80 Freezer #4",5,,,,,,,,,,,
"Area 10","Isis",28483,"OHSU -80 Freezer #4",5,,,,,,,,,,,
"Area 10","Rizzo",28484,"OHSU -80 Freezer #4",5,,,,,,,,,,,
"Area 12","Ninja",28477,"OHSU -80 Freezer #4",5,,,,,,,,,,,
"Area 12","Weeza",28478,"OHSU -80 Freezer #4",5,,,,,,,,,,,
"Area 12","Magda",28480,"OHSU -80 Freezer #4",5,,,,,,,,,,,
"Area 12","Cha Cha",28481,"OHSU -80 Freezer #4",5,,,,,,,,,,,
"Area 12","Margaret",28482,"OHSU -80 Freezer #4",5,,,,,,,,,,,
"Area 12","Isis",28483,"OHSU -80 Freezer #4",5,,,,,,,,,,,
"Area 12","Rizzo",28484,"OHSU -80 Freezer #4",5,,,,,,,,,,,
"Area 13","Ninja",28477,"OHSU -80 Freezer #4",5,,,,,,,,,,,
"Area 13","Weeza",28478,"OHSU -80 Freezer #4",5,,,,,,,,,,,
"Area 13","Magda",28480,"OHSU -80 Freezer #4",5,,,,,,,,,,,
"Area 13","Cha Cha",28481,"OHSU -80 Freezer #4",5,,,,,,,,,,,
"Area 13","Margaret",28482,"OHSU -80 Freezer #4",5,,,,,,,,,,,
"Area 13","Isis",28483,"OHSU -80 Freezer #4",5,,,,,,,,,,,
"Area 13","Rizzo",28484,"OHSU -80 Freezer #4",5,,,,,,,,,,,
"Area 14","Ninja",28477,"OHSU -80 Freezer #4",5,,,,,,,,,,,
"Area 14","Weeza",28478,"OHSU -80 Freezer #4",5,,,,,,,,,,,
"Area 14","Magda",28480,"OHSU -80 Freezer #4",5,,,,,,,,,,,
"Area 14","Cha Cha",28481,"OHSU -80 Freezer #4",5,,,,,,,,,,,
"Area 14","Margaret",28482,"OHSU -80 Freezer #4",5,,,,,,,,,,,
"Area 14","Isis",28483,"OHSU -80 Freezer #4",5,,,,,,,,,,,
"Area 14","Rizzo",28484,"OHSU -80 Freezer #4",5,,,,,,,,,,,
"Area 24","Ninja",28477,"OHSU -80 Freezer #4",5,,,,,,,,,,,
"Area 24","Weeza",28478,"OHSU -80 Freezer #4",5,,,,,,,,,,,
"Area 24","Magda",28480,"OHSU -80 Freezer #4",5,,,,,,,,,,,
"Area 24","Cha Cha",28481,"OHSU -80 Freezer #4",5,,,,,,,,,,,
"Area 24","Margaret",28482,"OHSU -80 Freezer #4",5,,,,,,,,,,,
"Area 24","Isis",28483,"OHSU -80 Freezer #4",5,,,,,,,,,,,
"Area 24","Rizzo",28484,"OHSU -80 Freezer #4",5,,,,,,,,,,,
"Area 25","Ninja",28477,"OHSU -80 Freezer #4",5,,,,,,,,,,,
"Area 25","Weeza",28478,"OHSU -80 Freezer #4",5,,,,,,,,,,,
"Area 25","Magda",28480,"OHSU -80 Freezer #4",5,,,,,,,,,,,
"Area 25","Cha Cha",28481,"OHSU -80 Freezer #4",5,,,,,,,,,,,
"Area 25","Margaret",28482,"OHSU -80 Freezer #4",5,,,,,,,,,,,
"Area 25","Isis",28483,"OHSU -80 Freezer #4",5,,,,,,,,,,,
"Area 25","Rizzo",28484,"OHSU -80 Freezer #4",5,,,,,,,,,,,
"Area 32","Ninja",28477,"OHSU -80 Freezer #4",5,,,,,,,,,,,
"Area 32","Weeza",28478,"OHSU -80 Freezer #4",5,,,,,,,,,,,
"Area 32","Magda",28480,"OHSU -80 Freezer #4",5,,,,,,,,,,,
"Area 32","Cha Cha",28481,"OHSU -80 Freezer #4",5,,,,,,,,,,,
"Area 32","Margaret",28482,"OHSU -80 Freezer #4",5,,,,,,,,,,,
"Area 32","Isis",28483,"OHSU -80 Freezer #4",5,,,,,,,,,,,
"Area 32","Rizzo",28484,"OHSU -80 Freezer #4",5,,,,,,,,,,,
"Area 46","Ninja",28477,"OHSU -80 Freezer #4",5,,,,,,,,,,,
"Area 46","Weeza",28478,"OHSU -80 Freezer #4",5,,,,,,,,,,,
"Area 46","Magda",28480,"OHSU -80 Freezer #4",5,,,,,,,,,,,
"Area 46","Cha Cha",28481,"OHSU -80 Freezer #4",5,,,,,,,,,,,
"Area 46","Margaret",28482,"OHSU -80 Freezer #4",5,,,,,,,,,,,
"Area 46","Isis",28483,"OHSU -80 Freezer #4",5,,,,,,,,,,,
"Area 46","Rizzo",28484,"OHSU -80 Freezer #4",5,,,,,,,,,,,
"Area 9","Ninja",28477,"OHSU -80 Freezer #4",5,,,,,,,,,,,
"Area 9","Weeza",28478,"OHSU -80 Freezer #4",5,,,,,,,,,,,
"Area 9","Magda",28480,"OHSU -80 Freezer #4",5,,,,,,,,,,,
"Area 9","Cha Cha",28481,"OHSU -80 Freezer #4",5,,,,,,,,,,,
"Area 9","Margaret",28482,"OHSU -80 Freezer #4",5,,,,,,,,,,,
"Area 9","Isis",28483,"OHSU -80 Freezer #4",5,,,,,,,,,,,
"Area 9","Rizzo",28484,"OHSU -80 Freezer #4",5,,,,,,,,,,,
"Bile","Ninja",28477,"OHSU -80 Freezer #4",1,,,,,,,,,,,
"Bile","Weeza",28478,"OHSU -80 Freezer #4",1,,,,,,,,,,,
"Bile","Magda",28480,"OHSU -80 Freezer #4",1,,,,,,,,,,,
"Bile","Cha Cha",28481,"OHSU -80 Freezer #4",1,,,,,,,,,,,
"Bile","Margaret",28482,"OHSU -80 Freezer #4",1,,,,,,,,,,,
"Bile","Isis",28483,"OHSU -80 Freezer #4",1,,,,,,,,,,,
"Bile","Rizzo",28484,"OHSU -80 Freezer #4",1,,,,,,,,,,,
"Blood","Ninja",28477,"OHSU -80 Freezer #4",1,,,,,,,,,,,
"Blood","Ninja",28477,"OHSU -80 Freezer #4",1,,,,,,,,,,,
"Blood","Ninja",28477,"OHSU -80 Freezer #4",1,,,,,,,,,,,
"Blood","Weeza",28478,"OHSU -80 Freezer #4",1,,,,,,,,,,,
"Blood","Weeza",28478,"OHSU -80 Freezer #4",1,,,,,,,,,,,
"Blood","Weeza",28478,"OHSU -80 Freezer #4",1,,,,,,,,,,,
"Blood","Magda",28480,"OHSU -80 Freezer #4",1,,,,,,,,,,,
"Blood","Magda",28480,"OHSU -80 Freezer #4",1,,,,,,,,,,,
"Blood","Magda",28480,"OHSU -80 Freezer #4",1,,,,,,,,,,,
"Blood","Cha Cha",28481,"OHSU -80 Freezer #4",1,,,,,,,,,,,
"Blood","Cha Cha",28481,"OHSU -80 Freezer #4",1,,,,,,,,,,,
"Blood","Cha Cha",28481,"OHSU -80 Freezer #4",1,,,,,,,,,,,
"Blood","Margaret",28482,"OHSU -80 Freezer #4",1,,,,,,,,,,,
"Blood","Margaret",28482,"OHSU -80 Freezer #4",1,,,,,,,,,,,
"Blood","Margaret",28482,"OHSU -80 Freezer #4",1,,,,,,,,,,,
"Blood","Isis",28483,"OHSU -80 Freezer #4",1,,,,,,,,,,,
"Blood","Isis",28483,"OHSU -80 Freezer #4",1,,,,,,,,,,,
"Blood","Isis",28483,"OHSU -80 Freezer #4",1,,,,,,,,,,,
"Blood","Rizzo",28484,"OHSU -80 Freezer #4",1,,,,,,,,,,,
"Blood","Rizzo",28484,"OHSU -80 Freezer #4",1,,,,,,,,,,,
"Blood","Rizzo",28484,"OHSU -80 Freezer #4",1,,,,,,,,,,,
"Bone Marrow (From Femur)","Ninja",28477,"OHSU -80 Freezer #4",1,,,,,,,,,,,
"Bone Marrow (From Femur)","Weeza",28478,"OHSU -80 Freezer #4",1,,,,,,,,,,,
"Bone Marrow (From Femur)","Magda",28480,"OHSU -80 Freezer #4",1,,,,,,,,,,,
"Bone Marrow (From Femur)","Cha Cha",28481,"OHSU -80 Freezer #4",1,,,,,,,,,,,
"Bone Marrow (From Femur)","Margaret",28482,"OHSU -80 Freezer #4",1,,,,,,,,,,,
"Bone Marrow (From Femur)","Isis",28483,"OHSU -80 Freezer #4",1,,,,,,,,,,,
"Bone Marrow (From Femur)","Rizzo",28484,"OHSU -80 Freezer #4",1,,,,,,,,,,,
"Cerebellum (anterior lobe)","Ninja",28477,"OHSU -80 Freezer #4",5,,,,,,,,,,,
"Cerebellum (anterior lobe)","Weeza",28478,"OHSU -80 Freezer #4",5,,,,,,,,,,,
"Cerebellum (anterior lobe)","Magda",28480,"OHSU -80 Freezer #4",5,,,,,,,,,,,
"Cerebellum (anterior lobe)","Cha Cha",28481,"OHSU -80 Freezer #4",5,,,,,,,,,,,
"Cerebellum (anterior lobe)","Margaret",28482,"OHSU -80 Freezer #4",5,,,,,,,,,,,
"Cerebellum (anterior lobe)","Isis",28483,"OHSU -80 Freezer #4",5,,,,,,,,,,,
"Cerebellum (anterior lobe)","Rizzo",28484,"OHSU -80 Freezer #4",5,,,,,,,,,,,
"Cerebellum (posterior lobe)","Ninja",28477,"OHSU -80 Freezer #4",5,,,,,,,,,,,
"Cerebellum (posterior lobe)","Weeza",28478,"OHSU -80 Freezer #4",5,,,,,,,,,,,
"Cerebellum (posterior lobe)","Magda",28480,"OHSU -80 Freezer #4",5,,,,,,,,,,,
"Cerebellum (posterior lobe)","Cha Cha",28481,"OHSU -80 Freezer #4",5,,,,,,,,,,,
"Cerebellum (posterior lobe)","Margaret",28482,"OHSU -80 Freezer #4",5,,,,,,,,,,,
"Cerebellum (posterior lobe)","Isis",28483,"OHSU -80 Freezer #4",5,,,,,,,,,,,
"Cerebellum (posterior lobe)","Rizzo",28484,"OHSU -80 Freezer #4",5,,,,,,,,,,,
"Cerebellum (vermis)","Ninja",28477,"OHSU -80 Freezer #4",5,,,,,,,,,,,
"Cerebellum (vermis)","Weeza",28478,"OHSU -80 Freezer #4",5,,,,,,,,,,,
"Cerebellum (vermis)","Magda",28480,"OHSU -80 Freezer #4",5,,,,,,,,,,,
"Cerebellum (vermis)","Cha Cha",28481,"OHSU -80 Freezer #4",5,,,,,,,,,,,
"Cerebellum (vermis)","Margaret",28482,"OHSU -80 Freezer #4",5,,,,,,,,,,,
"Cerebellum (vermis)","Isis",28483,"OHSU -80 Freezer #4",5,,,,,,,,,,,
"Cerebellum (vermis)","Rizzo",28484,"OHSU -80 Freezer #4",5,,,,,,,,,,,
"Cerebrospinal fluid","Ninja",28477,"OHSU -80 Freezer #4",1,,,,,,,,,,,
"Cerebrospinal fluid","Weeza",28478,"OHSU -80 Freezer #4",1,,,,,,,,,,,
"Cerebrospinal fluid","Magda",28480,"OHSU -80 Freezer #4",1,,,,,,,,,,,
"Cerebrospinal fluid","Cha Cha",28481,"OHSU -80 Freezer #4",1,,,,,,,,,,,
"Cerebrospinal fluid","Margaret",28482,"OHSU -80 Freezer #4",1,,,,,,,,,,,
"Cerebrospinal fluid","Isis",28483,"OHSU -80 Freezer #4",1,,,,,,,,,,,
"Cerebrospinal fluid","Rizzo",28484,"OHSU -80 Freezer #4",1,,,,,,,,,,,
"Colon","Ninja",28477,"OHSU -80 Freezer #4",1,,,,,,,,,,,
"Colon","Weeza",28478,"OHSU -80 Freezer #4",1,,,,,,,,,,,
"Colon","Magda",28480,"OHSU -80 Freezer #4",1,,,,,,,,,,,
"Colon","Cha Cha",28481,"OHSU -80 Freezer #4",1,,,,,,,,,,,
"Colon","Margaret",28482,"OHSU -80 Freezer #4",1,,,,,,,,,,,
"Colon","Isis",28483,"OHSU -80 Freezer #4",1,,,,,,,,,,,
"Colon","Rizzo",28484,"OHSU -80 Freezer #4",1,,,,,,,,,,,
"Cortex (Lateral orbital)","Ninja",28477,"OHSU -80 Freezer #4",5,,,,,,,,,,,
"Cortex (Lateral orbital)","Weeza",28478,"OHSU -80 Freezer #4",5,,,,,,,,,,,
"Cortex (Lateral orbital)","Magda",28480,"OHSU -80 Freezer #4",5,,,,,,,,,,,
"Cortex (Lateral orbital)","Cha Cha",28481,"OHSU -80 Freezer #4",5,,,,,,,,,,,
"Cortex (Lateral orbital)","Margaret",28482,"OHSU -80 Freezer #4",5,,,,,,,,,,,
"Cortex (Lateral orbital)","Isis",28483,"OHSU -80 Freezer #4",5,,,,,,,,,,,
"Cortex (Lateral orbital)","Rizzo",28484,"OHSU -80 Freezer #4",5,,,,,,,,,,,
"Duodenum","Ninja",28477,"OHSU -80 Freezer #4",1,,,,,,,,,,,
"Duodenum","Weeza",28478,"OHSU -80 Freezer #4",1,,,,,,,,,,,
"Duodenum","Magda",28480,"OHSU -80 Freezer #4",1,,,,,,,,,,,
"Duodenum","Cha Cha",28481,"OHSU -80 Freezer #4",1,,,,,,,,,,,
"Duodenum","Margaret",28482,"OHSU -80 Freezer #4",1,,,,,,,,,,,
"Duodenum","Isis",28483,"OHSU -80 Freezer #4",1,,,,,,,,,,,
"Duodenum","Rizzo",28484,"OHSU -80 Freezer #4",1,,,,,,,,,,,
"Esophagus","Ninja",28477,"OHSU -80 Freezer #4",1,,,,,,,,,,,
"Esophagus","Weeza",28478,"OHSU -80 Freezer #4",1,,,,,,,,,,,
"Esophagus","Magda",28480,"OHSU -80 Freezer #4",1,,,,,,,,,,,
"Esophagus","Cha Cha",28481,"OHSU -80 Freezer #4",1,,,,,,,,,,,
"Esophagus","Margaret",28482,"OHSU -80 Freezer #4",1,,,,,,,,,,,
"Esophagus","Isis",28483,"OHSU -80 Freezer #4",1,,,,,,,,,,,
"Esophagus","Rizzo",28484,"OHSU -80 Freezer #4",1,,,,,,,,,,,
"Fat (Abdominal)","Ninja",28477,"OHSU -80 Freezer #4",1,,,,,,,,,,,
"Fat (Abdominal)","Weeza",28478,"OHSU -80 Freezer #4",1,,,,,,,,,,,
"Fat (Abdominal)","Magda",28480,"OHSU -80 Freezer #4",1,,,,,,,,,,,
"Fat (Abdominal)","Cha Cha",28481,"OHSU -80 Freezer #4",1,,,,,,,,,,,
"Fat (Abdominal)","Margaret",28482,"OHSU -80 Freezer #4",1,,,,,,,,,,,
"Fat (Abdominal)","Isis",28483,"OHSU -80 Freezer #4",1,,,,,,,,,,,
"Fat (Abdominal)","Rizzo",28484,"OHSU -80 Freezer #4",1,,,,,,,,,,,
"Fat (Brown)","Ninja",28477,"OHSU -80 Freezer #4",1,,,,,,,,,,,"#REF!"
"Fat (Brown)","Weeza",28478,"OHSU -80 Freezer #4",1,,,,,,,,,,,
"Fat (Brown)","Magda",28480,"OHSU -80 Freezer #4",1,,,,,,,,,,,
"Fat (Brown)","Cha Cha",28481,"OHSU -80 Freezer #4",1,,,,,,,,,,,
"Fat (Brown)","Margaret",28482,"OHSU -80 Freezer #4",1,,,,,,,,,,,
"Fat (Brown)","Isis",28483,"OHSU -80 Freezer #4",1,,,,,,,,,,,
"Fat (Brown)","Rizzo",28484,"OHSU -80 Freezer #4",1,,,,,,,,,,,
"Fat (Mesenteric)","Ninja",28477,"OHSU -80 Freezer #4",1,,,,,,,,,,,
"Fat (Mesenteric)","Weeza",28478,"OHSU -80 Freezer #4",1,,,,,,,,,,,
"Fat (Mesenteric)","Magda",28480,"OHSU -80 Freezer #4",1,,,,,,,,,,,
"Fat (Mesenteric)","Cha Cha",28481,"OHSU -80 Freezer #4",1,,,,,,,,,,,
"Fat (Mesenteric)","Margaret",28482,"OHSU -80 Freezer #4",1,,,,,,,,,,,
"Fat (Mesenteric)","Isis",28483,"OHSU -80 Freezer #4",1,,,,,,,,,,,
"Fat (Mesenteric)","Rizzo",28484,"OHSU -80 Freezer #4",1,,,,,,,,,,,
"Fat (Pericardial)","Ninja",28477,"OHSU -80 Freezer #4",1,,,,,,,,,,,
"Fat (Pericardial)","Weeza",28478,"OHSU -80 Freezer #4",1,,,,,,,,,,,
"Fat (Pericardial)","Magda",28480,"OHSU -80 Freezer #4",1,,,,,,,,,,,
"Fat (Pericardial)","Cha Cha",28481,"OHSU -80 Freezer #4",1,,,,,,,,,,,
"Fat (Pericardial)","Margaret",28482,"OHSU -80 Freezer #4",1,,,,,,,,,,,
"Fat (Pericardial)","Isis",28483,"OHSU -80 Freezer #4",1,,,,,,,,,,,
"Fat (Pericardial)","Rizzo",28484,"OHSU -80 Freezer #4",1,,,,,,,,,,,
"Fat (Perigonadal)","Ninja",28477,"OHSU -80 Freezer #4",1,,,,,,,,,,,
"Fat (Perigonadal)","Weeza",28478,"OHSU -80 Freezer #4",1,,,,,,,,,,,
"Fat (Perigonadal)","Magda",28480,"OHSU -80 Freezer #4",1,,,,,,,,,,,
"Fat (Perigonadal)","Cha Cha",28481,"OHSU -80 Freezer #4",1,,,,,,,,,,,
"Fat (Perigonadal)","Margaret",28482,"OHSU -80 Freezer #4",1,,,,,,,,,,,
"Fat (Perigonadal)","Isis",28483,"OHSU -80 Freezer #4",1,,,,,,,,,,,
"Fat (Perigonadal)","Rizzo",28484,"OHSU -80 Freezer #4",1,,,,,,,,,,,
"Fat (Retroperitoneal)","Ninja",28477,"OHSU -80 Freezer #4",1,,,,,,,,,,,
"Fat (Retroperitoneal)","Weeza",28478,"OHSU -80 Freezer #4",1,,,,,,,,,,,
"Fat (Retroperitoneal)","Magda",28480,"OHSU -80 Freezer #4",1,,,,,,,,,,,
"Fat (Retroperitoneal)","Cha Cha",28481,"OHSU -80 Freezer #4",1,,,,,,,,,,,
"Fat (Retroperitoneal)","Margaret",28482,"OHSU -80 Freezer #4",1,,,,,,,,,,,
"Fat (Retroperitoneal)","Isis",28483,"OHSU -80 Freezer #4",1,,,,,,,,,,,
"Fat (Retroperitoneal)","Rizzo",28484,"OHSU -80 Freezer #4",1,,,,,,,,,,,
"Fat (Subcutaneous)","Ninja",28477,"OHSU -80 Freezer #4",1,,,,,,,,,,,
"Fat (Subcutaneous)","Weeza",28478,"OHSU -80 Freezer #4",1,,,,,,,,,,,
"Fat (Subcutaneous)","Magda",28480,"OHSU -80 Freezer #4",1,,,,,,,,,,,
"Fat (Subcutaneous)","Cha Cha",28481,"OHSU -80 Freezer #4",1,,,,,,,,,,,
"Fat (Subcutaneous)","Margaret",28482,"OHSU -80 Freezer #4",1,,,,,,,,,,,
"Fat (Subcutaneous)","Isis",28483,"OHSU -80 Freezer #4",1,,,,,,,,,,,
"Fat (Subcutaneous)","Rizzo",28484,"OHSU -80 Freezer #4",1,,,,,,,,,,,
"Gall bladder","Ninja",28477,"OHSU -80 Freezer #4",1,,,,,,,,,,,
"Gall bladder","Weeza",28478,"OHSU -80 Freezer #4",1,,,,,,,,,,,
"Gall bladder","Magda",28480,"OHSU -80 Freezer #4",1,,,,,,,,,,,
"Gall bladder","Cha Cha",28481,"OHSU -80 Freezer #4",1,,,,,,,,,,,
"Gall bladder","Margaret",28482,"OHSU -80 Freezer #4",1,,,,,,,,,,,
"Gall bladder","Isis",28483,"OHSU -80 Freezer #4",1,,,,,,,,,,,
"Gall bladder","Rizzo",28484,"OHSU -80 Freezer #4",1,,,,,,,,,,,
"Gonads (testes, ovaries)","Ninja",28477,"OHSU -80 Freezer #4",1,,,,,,,,,,,
"Gonads (testes, ovaries)","Ninja",28477,"OHSU -80 Freezer #4",1,,,,,,,,,,,
"Gonads (testes, ovaries)","Weeza",28478,"OHSU -80 Freezer #4",1,,,,,,,,,,,
"Gonads (testes, ovaries)","Weeza",28478,"OHSU -80 Freezer #4",1,,,,,,,,,,,
"Gonads (testes, ovaries)","Magda",28480,"OHSU -80 Freezer #4",1,,,,,,,,,,,
"Gonads (testes, ovaries)","Magda",28480,"OHSU -80 Freezer #4",1,,,,,,,,,,,
"Gonads (testes, ovaries)","Cha Cha",28481,"OHSU -80 Freezer #4",1,,,,,,,,,,,
"Gonads (testes, ovaries)","Cha Cha",28481,"OHSU -80 Freezer #4",1,,,,,,,,,,,
"Gonads (testes, ovaries)","Margaret",28482,"OHSU -80 Freezer #4",1,,,,,,,,,,,
"Gonads (testes, ovaries)","Margaret",28482,"OHSU -80 Freezer #4",1,,,,,,,,,,,
"Gonads (testes, ovaries)","Isis",28483,"OHSU -80 Freezer #4",1,,,,,,,,,,,
"Gonads (testes, ovaries)","Isis",28483,"OHSU -80 Freezer #4",1,,,,,,,,,,,
"Gonads (testes, ovaries)","Rizzo",28484,"OHSU -80 Freezer #4",1,,,,,,,,,,,
"Gonads (testes, ovaries)","Rizzo",28484,"OHSU -80 Freezer #4",1,,,,,,,,,,,
"Hair (with skin)","Ninja",28477,"OHSU -80 Freezer #4",1,,,,,,,,,,,
"Hair (with skin)","Weeza",28478,"OHSU -80 Freezer #4",1,,,,,,,,,,,
"Hair (with skin)","Magda",28480,"OHSU -80 Freezer #4",1,,,,,,,,,,,
"Hair (with skin)","Cha Cha",28481,"OHSU -80 Freezer #4",1,,,,,,,,,,,
"Hair (with skin)","Margaret",28482,"OHSU -80 Freezer #4",1,,,,,,,,,,,
"Hair (with skin)","Isis",28483,"OHSU -80 Freezer #4",1,,,,,,,,,,,
"Hair (with skin)","Rizzo",28484,"OHSU -80 Freezer #4",1,,,,,,,,,,,
"Hair (without skin)","Ninja",28477,"OHSU -80 Freezer #4",1,,,,,,,,,,,
"Hair (without skin)","Weeza",28478,"OHSU -80 Freezer #4",1,,,,,,,,,,,
"Hair (without skin)","Magda",28480,"OHSU -80 Freezer #4",1,,,,,,,,,,,
"Hair (without skin)","Cha Cha",28481,"OHSU -80 Freezer #4",1,,,,,,,,,,,
"Hair (without skin)","Margaret",28482,"OHSU -80 Freezer #4",1,,,,,,,,,,,
"Hair (without skin)","Isis",28483,"OHSU -80 Freezer #4",1,,,,,,,,,,,
"Hair (without skin)","Rizzo",28484,"OHSU -80 Freezer #4",1,,,,,,,,,,,
"Heart","Ninja",28477,"OHSU -80 Freezer #4",1,,,,,,,,,,,
"Heart","Weeza",28478,"OHSU -80 Freezer #4",1,,,,,,,,,,,
"Heart","Magda",28480,"OHSU -80 Freezer #4",1,,,,,,,,,,,
"Heart","Cha Cha",28481,"OHSU -80 Freezer #4",1,,,,,,,,,,,
"Heart","Margaret",28482,"OHSU -80 Freezer #4",1,,,,,,,,,,,
"Heart","Isis",28483,"OHSU -80 Freezer #4",1,,,,,,,,,,,
"Heart","Rizzo",28484,"OHSU -80 Freezer #4",1,,,,,,,,,,,
"Illium","Ninja",28477,"OHSU -80 Freezer #4",1,,,,,,,,,,,
"Illium","Weeza",28478,"OHSU -80 Freezer #4",1,,,,,,,,,,,
"Illium","Magda",28480,"OHSU -80 Freezer #4",1,,,,,,,,,,,
"Illium","Cha Cha",28481,"OHSU -80 Freezer #4",1,,,,,,,,,,,
"Illium","Margaret",28482,"OHSU -80 Freezer #4",1,,,,,,,,,,,
"Illium","Isis",28483,"OHSU -80 Freezer #4",1,,,,,,,,,,,
"Illium","Rizzo",28484,"OHSU -80 Freezer #4",1,,,,,,,,,,,
"Jejunum","Ninja",28477,"OHSU -80 Freezer #4",1,,,,,,,,,,,
"Jejunum","Weeza",28478,"OHSU -80 Freezer #4",1,,,,,,,,,,,
"Jejunum","Magda",28480,"OHSU -80 Freezer #4",1,,,,,,,,,,,
"Jejunum","Cha Cha",28481,"OHSU -80 Freezer #4",1,,,,,,,,,,,
"Jejunum","Margaret",28482,"OHSU -80 Freezer #4",1,,,,,,,,,,,
"Jejunum","Isis",28483,"OHSU -80 Freezer #4",1,,,,,,,,,,,
"Jejunum","Rizzo",28484,"OHSU -80 Freezer #4",1,,,,,,,,,,,
"Kidney (lt, rt)","Ninja",28477,"OHSU -80 Freezer #4",1,,,,,,,,,,,
"Kidney (lt, rt)","Ninja",28477,"OHSU -80 Freezer #4",1,,,,,,,,,,,
"Kidney (lt, rt)","Weeza",28478,"OHSU -80 Freezer #4",1,,,,,,,,,,,
"Kidney (lt, rt)","Weeza",28478,"OHSU -80 Freezer #4",1,,,,,,,,,,,
"Kidney (lt, rt)","Magda",28480,"OHSU -80 Freezer #4",1,,,,,,,,,,,
"Kidney (lt, rt)","Magda",28480,"OHSU -80 Freezer #4",1,,,,,,,,,,,
"Kidney (lt, rt)","Cha Cha",28481,"OHSU -80 Freezer #4",1,,,,,,,,,,,
"Kidney (lt, rt)","Cha Cha",28481,"OHSU -80 Freezer #4",1,,,,,,,,,,,
"Kidney (lt, rt)","Margaret",28482,"OHSU -80 Freezer #4",1,,,,,,,,,,,
"Kidney (lt, rt)","Margaret",28482,"OHSU -80 Freezer #4",1,,,,,,,,,,,
"Kidney (lt, rt)","Isis",28483,"OHSU -80 Freezer #4",1,,,,,,,,,,,
"Kidney (lt, rt)","Isis",28483,"OHSU -80 Freezer #4",1,,,,,,,,,,,
"Kidney (lt, rt)","Rizzo",28484,"OHSU -80 Freezer #4",1,,,,,,,,,,,
"Kidney (lt, rt)","Rizzo",28484,"OHSU -80 Freezer #4",1,,,,,,,,,,,
"Liver","Ninja",28477,"OHSU -80 Freezer #4",1,,,,,,,,,,,
"Liver","Weeza",28478,"OHSU -80 Freezer #4",1,,,,,,,,,,,
"Liver","Magda",28480,"OHSU -80 Freezer #4",1,,,,,,,,,,,
"Liver","Cha Cha",28481,"OHSU -80 Freezer #4",1,,,,,,,,,,,
"Liver","Margaret",28482,"OHSU -80 Freezer #4",1,,,,,,,,,,,
"Liver","Isis",28483,"OHSU -80 Freezer #4",1,,,,,,,,,,,
"Liver","Rizzo",28484,"OHSU -80 Freezer #4",1,,,,,,,,,,,
"Lung (Accessory Lobe)","Ninja",28477,"OHSU -80 Freezer #4",1,,,,,,,,,,,
"Lung (Accessory Lobe)","Weeza",28478,"OHSU -80 Freezer #4",1,,,,,,,,,,,
"Lung (Accessory Lobe)","Magda",28480,"OHSU -80 Freezer #4",1,,,,,,,,,,,
"Lung (Accessory Lobe)","Cha Cha",28481,"OHSU -80 Freezer #4",1,,,,,,,,,,,
"Lung (Accessory Lobe)","Margaret",28482,"OHSU -80 Freezer #4",1,,,,,,,,,,,
"Lung (Accessory Lobe)","Isis",28483,"OHSU -80 Freezer #4",1,,,,,,,,,,,
"Lung (Accessory Lobe)","Rizzo",28484,"OHSU -80 Freezer #4",1,,,,,,,,,,,
"Lung (Lt lower lobe)","Ninja",28477,"OHSU -80 Freezer #4",1,,,,,,,,,,,
"Lung (Lt lower lobe)","Weeza",28478,"OHSU -80 Freezer #4",1,,,,,,,,,,,
"Lung (Lt lower lobe)","Magda",28480,"OHSU -80 Freezer #4",1,,,,,,,,,,,
"Lung (Lt lower lobe)","Cha Cha",28481,"OHSU -80 Freezer #4",1,,,,,,,,,,,
"Lung (Lt lower lobe)","Margaret",28482,"OHSU -80 Freezer #4",1,,,,,,,,,,,
"Lung (Lt lower lobe)","Isis",28483,"OHSU -80 Freezer #4",1,,,,,,,,,,,
"Lung (Lt lower lobe)","Rizzo",28484,"OHSU -80 Freezer #4",1,,,,,,,,,,,
"Lung (Lt middle lobe)","Ninja",28477,"OHSU -80 Freezer #4",1,,,,,,,,,,,
"Lung (Lt middle lobe)","Weeza",28478,"OHSU -80 Freezer #4",1,,,,,,,,,,,
"Lung (Lt middle lobe)","Magda",28480,"OHSU -80 Freezer #4",1,,,,,,,,,,,
"Lung (Lt middle lobe)","Cha Cha",28481,"OHSU -80 Freezer #4",1,,,,,,,,,,,
"Lung (Lt middle lobe)","Margaret",28482,"OHSU -80 Freezer #4",1,,,,,,,,,,,
"Lung (Lt middle lobe)","Isis",28483,"OHSU -80 Freezer #4",1,,,,,,,,,,,
"Lung (Lt middle lobe)","Rizzo",28484,"OHSU -80 Freezer #4",1,,,,,,,,,,,
"Lung (Lt upper lobe)","Ninja",28477,"OHSU -80 Freezer #4",1,,,,,,,,,,,
"Lung (Lt upper lobe)","Ninja",28477,"OHSU -80 Freezer #4",1,,,,,,,,,,,
"Lung (Lt upper lobe)","Weeza",28478,"OHSU -80 Freezer #4",1,,,,,,,,,,,
"Lung (Lt upper lobe)","Magda",28480,"OHSU -80 Freezer #4",1,,,,,,,,,,,
"Lung (Lt upper lobe)","Cha Cha",28481,"OHSU -80 Freezer #4",1,,,,,,,,,,,
"Lung (Lt upper lobe)","Margaret",28482,"OHSU -80 Freezer #4",1,,,,,,,,,,,
"Lung (Lt upper lobe)","Isis",28483,"OHSU -80 Freezer #4",1,,,,,,,,,,,
"Lung (Lt upper lobe)","Rizzo",28484,"OHSU -80 Freezer #4",1,,,,,,,,,,,
"Lung (Rt lower lobe)","Weeza",28478,"OHSU -80 Freezer #4",1,,,,,,,,,,,
"Lung (Rt lower lobe)","Magda",28480,"OHSU -80 Freezer #4",1,,,,,,,,,,,
"Lung (Rt lower lobe)","Cha Cha",28481,"OHSU -80 Freezer #4",1,,,,,,,,,,,
"Lung (Rt lower lobe)","Margaret",28482,"OHSU -80 Freezer #4",1,,,,,,,,,,,
"Lung (Rt lower lobe)","Isis",28483,"OHSU -80 Freezer #4",1,,,,,,,,,,,
"Lung (Rt lower lobe)","Rizzo",28484,"OHSU -80 Freezer #4",1,,,,,,,,,,,
"Lung (Rt middle lobe)","Ninja",28477,"OHSU -80 Freezer #4",1,,,,,,,,,,,
"Lung (Rt middle lobe)","Weeza",28478,"OHSU -80 Freezer #4",1,,,,,,,,,,,
"Lung (Rt middle lobe)","Magda",28480,"OHSU -80 Freezer #4",1,,,,,,,,,,,
"Lung (Rt middle lobe)","Cha Cha",28481,"OHSU -80 Freezer #4",1,,,,,,,,,,,
"Lung (Rt middle lobe)","Margaret",28482,"OHSU -80 Freezer #4",1,,,,,,,,,,,
"Lung (Rt middle lobe)","Isis",28483,"OHSU -80 Freezer #4",1,,,,,,,,,,,
"Lung (Rt middle lobe)","Rizzo",28484,"OHSU -80 Freezer #4",1,,,,,,,,,,,
"Lymph node (Axial)","Ninja",28477,"OHSU -80 Freezer #4",1,,,,,,,,,,,
"Lymph node (Axial)","Weeza",28478,"OHSU -80 Freezer #4",1,,,,,,,,,,,
"Lymph node (Axial)","Magda",28480,"OHSU -80 Freezer #4",1,,,,,,,,,,,
"Lymph node (Axial)","Cha Cha",28481,"OHSU -80 Freezer #4",1,,,,,,,,,,,
"Lymph node (Axial)","Margaret",28482,"OHSU -80 Freezer #4",1,,,,,,,,,,,
"Lymph node (Axial)","Isis",28483,"OHSU -80 Freezer #4",1,,,,,,,,,,,
"Lymph node (Axial)","Rizzo",28484,"OHSU -80 Freezer #4",1,,,,,,,,,,,
"Lymph node (Inguinal)","Ninja",28477,"OHSU -80 Freezer #4",1,,,,,,,,,,,
"Lymph node (Inguinal)","Ninja",28477,"OHSU -80 Freezer #4",1,,,,,,,,,,,
"Lymph node (Inguinal)","Weeza",28478,"OHSU -80 Freezer #4",1,,,,,,,,,,,
"Lymph node (Inguinal)","Weeza",28478,"OHSU -80 Freezer #4",1,,,,,,,,,,,
"Lymph node (Inguinal)","Magda",28480,"OHSU -80 Freezer #4",1,,,,,,,,,,,
"Lymph node (Inguinal)","Magda",28480,"OHSU -80 Freezer #4",1,,,,,,,,,,,
"Lymph node (Inguinal)","Cha Cha",28481,"OHSU -80 Freezer #4",1,,,,,,,,,,,
"Lymph node (Inguinal)","Cha Cha",28481,"OHSU -80 Freezer #4",1,,,,,,,,,,,
"Lymph node (Inguinal)","Margaret",28482,"OHSU -80 Freezer #4",1,,,,,,,,,,,
"Lymph node (Inguinal)","Margaret",28482,"OHSU -80 Freezer #4",1,,,,,,,,,,,
"Lymph node (Inguinal)","Isis",28483,"OHSU -80 Freezer #4",1,,,,,,,,,,,
"Lymph node (Inguinal)","Isis",28483,"OHSU -80 Freezer #4",1,,,,,,,,,,,
"Lymph node (Inguinal)","Rizzo",28484,"OHSU -80 Freezer #4",1,,,,,,,,,,,
"Lymph node (Inguinal)","Rizzo",28484,"OHSU -80 Freezer #4",1,,,,,,,,,,,
"Lymph node (Mesenteric)","Ninja",28477,"OHSU -80 Freezer #4",1,,,,,,,,,,,
"Lymph node (Mesenteric)","Weeza",28478,"OHSU -80 Freezer #4",1,,,,,,,,,,,
"Lymph node (Mesenteric)","Magda",28480,"OHSU -80 Freezer #4",1,,,,,,,,,,,
"Lymph node (Mesenteric)","Cha Cha",28481,"OHSU -80 Freezer #4",1,,,,,,,,,,,
"Lymph node (Mesenteric)","Margaret",28482,"OHSU -80 Freezer #4",1,,,,,,,,,,,
"Lymph node (Mesenteric)","Isis",28483,"OHSU -80 Freezer #4",1,,,,,,,,,,,
"Lymph node (Mesenteric)","Rizzo",28484,"OHSU -80 Freezer #4",1,,,,,,,,,,,
"Mammary Gland (lt, rt)","Ninja",28477,"OHSU -80 Freezer #4",1,,,,,,,,,,,
"Mammary Gland (lt, rt)","Ninja",28477,"OHSU -80 Freezer #4",1,,,,,,,,,,,
"Mammary Gland (lt, rt)","Weeza",28478,"OHSU -80 Freezer #4",1,,,,,,,,,,,
"Mammary Gland (lt, rt)","Weeza",28478,"OHSU -80 Freezer #4",1,,,,,,,,,,,
"Mammary Gland (lt, rt)","Magda",28480,"OHSU -80 Freezer #4",1,,,,,,,,,,,
"Mammary Gland (lt, rt)","Magda",28480,"OHSU -80 Freezer #4",1,,,,,,,,,,,
"Mammary Gland (lt, rt)","Cha Cha",28481,"OHSU -80 Freezer #4",1,,,,,,,,,,,
"Mammary Gland (lt, rt)","Cha Cha",28481,"OHSU -80 Freezer #4",1,,,,,,,,,,,
"Mammary Gland (lt, rt)","Margaret",28482,"OHSU -80 Freezer #4",1,,,,,,,,,,,
"Mammary Gland (lt, rt)","Margaret",28482,"OHSU -80 Freezer #4",1,,,,,,,,,,,
"Mammary Gland (lt, rt)","Isis",28483,"OHSU -80 Freezer #4",1,,,,,,,,,,,
"Mammary Gland (lt, rt)","Isis",28483,"OHSU -80 Freezer #4",1,,,,,,,,,,,
"Mammary Gland (lt, rt)","Rizzo",28484,"OHSU -80 Freezer #4",1,,,,,,,,,,,
"Mammary Gland (lt, rt)","Rizzo",28484,"OHSU -80 Freezer #4",1,,,,,,,,,,,
"Muscle (Gastrocnemius)","Ninja",28477,"OHSU -80 Freezer #4",1,,,,,,,,,,,
"Muscle (Gastrocnemius)","Ninja",28477,"OHSU -80 Freezer #4",1,,,,,,,,,,,
"Muscle (Gastrocnemius)","Weeza",28478,"OHSU -80 Freezer #4",1,,,,,,,,,,,
"Muscle (Gastrocnemius)","Weeza",28478,"OHSU -80 Freezer #4",1,,,,,,,,,,,
"Muscle (Gastrocnemius)","Magda",28480,"OHSU -80 Freezer #4",1,,,,,,,,,,,
"Muscle (Gastrocnemius)","Magda",28480,"OHSU -80 Freezer #4",1,,,,,,,,,,,
"Muscle (Gastrocnemius)","Cha Cha",28481,"OHSU -80 Freezer #4",1,,,,,,,,,,,
"Muscle (Gastrocnemius)","Cha Cha",28481,"OHSU -80 Freezer #4",1,,,,,,,,,,,
"Muscle (Gastrocnemius)","Margaret",28482,"OHSU -80 Freezer #4",1,,,,,,,,,,,
"Muscle (Gastrocnemius)","Margaret",28482,"OHSU -80 Freezer #4",1,,,,,,,,,,,
"Muscle (Gastrocnemius)","Isis",28483,"OHSU -80 Freezer #4",1,,,,,,,,,,,
"Muscle (Gastrocnemius)","Isis",28483,"OHSU -80 Freezer #4",1,,,,,,,,,,,
"Muscle (Gastrocnemius)","Rizzo",28484,"OHSU -80 Freezer #4",1,,,,,,,,,,,
"Muscle (Gastrocnemius)","Rizzo",28484,"OHSU -80 Freezer #4",1,,,,,,,,,,,
"Muscle (Quadriceps)","Ninja",28477,"OHSU -80 Freezer #4",1,,,,,,,,,,,
"Muscle (Quadriceps)","Ninja",28477,"OHSU -80 Freezer #4",1,,,,,,,,,,,
"Muscle (Quadriceps)","Weeza",28478,"OHSU -80 Freezer #4",1,,,,,,,,,,,
"Muscle (Quadriceps)","Weeza",28478,"OHSU -80 Freezer #4",1,,,,,,,,,,,
"Muscle (Quadriceps)","Magda",28480,"OHSU -80 Freezer #4",1,,,,,,,,,,,
"Muscle (Quadriceps)","Magda",28480,"OHSU -80 Freezer #4",1,,,,,,,,,,,
"Muscle (Quadriceps)","Cha Cha",28481,"OHSU -80 Freezer #4",1,,,,,,,,,,,
"Muscle (Quadriceps)","Cha Cha",28481,"OHSU -80 Freezer #4",1,,,,,,,,,,,
"Muscle (Quadriceps)","Margaret",28482,"OHSU -80 Freezer #4",1,,,,,,,,,,,
"Muscle (Quadriceps)","Margaret",28482,"OHSU -80 Freezer #4",1,,,,,,,,,,,
"Muscle (Quadriceps)","Isis",28483,"OHSU -80 Freezer #4",1,,,,,,,,,,,
"Muscle (Quadriceps)","Isis",28483,"OHSU -80 Freezer #4",1,,,,,,,,,,,
"Muscle (Quadriceps)","Rizzo",28484,"OHSU -80 Freezer #4",1,,,,,,,,,,,
"Muscle (Quadriceps)","Rizzo",28484,"OHSU -80 Freezer #4",1,,,,,,,,,,,
"Nerve (Femoral)","Ninja",28477,"OHSU -80 Freezer #4",1,,,,,,,,,,,
"Nerve (Femoral)","Ninja",28477,"OHSU -80 Freezer #4",1,,,,,,,,,,,
"Nerve (Femoral)","Weeza",28478,"OHSU -80 Freezer #4",1,,,,,,,,,,,
"Nerve (Femoral)","Weeza",28478,"OHSU -80 Freezer #4",1,,,,,,,,,,,
"Nerve (Femoral)","Magda",28480,"OHSU -80 Freezer #4",1,,,,,,,,,,,
"Nerve (Femoral)","Magda",28480,"OHSU -80 Freezer #4",1,,,,,,,,,,,
"Nerve (Femoral)","Cha Cha",28481,"OHSU -80 Freezer #4",1,,,,,,,,,,,
"Nerve (Femoral)","Cha Cha",28481,"OHSU -80 Freezer #4",1,,,,,,,,,,,
"Nerve (Femoral)","Margaret",28482,"OHSU -80 Freezer #4",1,,,,,,,,,,,
"Nerve (Femoral)","Margaret",28482,"OHSU -80 Freezer #4",1,,,,,,,,,,,
"Nerve (Femoral)","Isis",28483,"OHSU -80 Freezer #4",1,,,,,,,,,,,
"Nerve (Femoral)","Isis",28483,"OHSU -80 Freezer #4",1,,,,,,,,,,,
"Nerve (Femoral)","Rizzo",28484,"OHSU -80 Freezer #4",1,,,,,,,,,,,
"Nerve (Femoral)","Rizzo",28484,"OHSU -80 Freezer #4",1,,,,,,,,,,,
"Nerve (Sciatic)","Ninja",28477,"OHSU -80 Freezer #4",1,,,,,,,,,,,
"Nerve (Sciatic)","Ninja",28477,"OHSU -80 Freezer #4",1,,,,,,,,,,,
"Nerve (Sciatic)","Weeza",28478,"OHSU -80 Freezer #4",1,,,,,,,,,,,
"Nerve (Sciatic)","Weeza",28478,"OHSU -80 Freezer #4",1,,,,,,,,,,,
"Nerve (Sciatic)","Magda",28480,"OHSU -80 Freezer #4",1,,,,,,,,,,,
"Nerve (Sciatic)","Magda",28480,"OHSU -80 Freezer #4",1,,,,,,,,,,,
"Nerve (Sciatic)","Cha Cha",28481,"OHSU -80 Freezer #4",1,,,,,,,,,,,
"Nerve (Sciatic)","Cha Cha",28481,"OHSU -80 Freezer #4",1,,,,,,,,,,,
"Nerve (Sciatic)","Margaret",28482,"OHSU -80 Freezer #4",1,,,,,,,,,,,
"Nerve (Sciatic)","Margaret",28482,"OHSU -80 Freezer #4",1,,,,,,,,,,,
"Nerve (Sciatic)","Isis",28483,"OHSU -80 Freezer #4",1,,,,,,,,,,,
"Nerve (Sciatic)","Isis",28483,"OHSU -80 Freezer #4",1,,,,,,,,,,,
"Nerve (Sciatic)","Rizzo",28484,"OHSU -80 Freezer #4",1,,,,,,,,,,,
"Nerve (Sciatic)","Rizzo",28484,"OHSU -80 Freezer #4",1,,,,,,,,,,,
"Olfactory bulb","Ninja",28477,"OHSU -80 Freezer #4",5,,,,,,,,,,,
"Olfactory bulb","Weeza",28478,"OHSU -80 Freezer #4",5,,,,,,,,,,,
"Olfactory bulb","Magda",28480,"OHSU -80 Freezer #4",5,,,,,,,,,,,
"Olfactory bulb","Cha Cha",28481,"OHSU -80 Freezer #4",5,,,,,,,,,,,
"Olfactory bulb","Margaret",28482,"OHSU -80 Freezer #4",5,,,,,,,,,,,
"Olfactory bulb","Isis",28483,"OHSU -80 Freezer #4",5,,,,,,,,,,,
"Olfactory bulb","Rizzo",28484,"OHSU -80 Freezer #4",5,,,,,,,,,,,
"Pancreas","Ninja",28477,"OHSU -80 Freezer #4",1,,,,,,,,,,,
"Pancreas","Weeza",28478,"OHSU -80 Freezer #4",1,,,,,,,,,,,
"Pancreas","Magda",28480,"OHSU -80 Freezer #4",1,,,,,,,,,,,
"Pancreas","Cha Cha",28481,"OHSU -80 Freezer #4",1,,,,,,,,,,,
"Pancreas","Margaret",28482,"OHSU -80 Freezer #4",1,,,,,,,,,,,
"Pancreas","Isis",28483,"OHSU -80 Freezer #4",1,,,,,,,,,,,
"Pancreas","Rizzo",28484,"OHSU -80 Freezer #4",1,,,,,,,,,,,
"Pituitary","Ninja",28477,"OHSU -80 Freezer #4",5,,,,,,,,,,,
"Pituitary","Weeza",28478,"OHSU -80 Freezer #4",5,,,,,,,,,,,
"Pituitary","Magda",28480,"OHSU -80 Freezer #4",5,,,,,,,,,,,
"Pituitary","Cha Cha",28481,"OHSU -80 Freezer #4",5,,,,,,,,,,,
"Pituitary","Margaret",28482,"OHSU -80 Freezer #4",5,,,,,,,,,,,
"Pituitary","Isis",28483,"OHSU -80 Freezer #4",5,,,,,,,,,,,
"Pituitary","Rizzo",28484,"OHSU -80 Freezer #4",5,,,,,,,,,,,
"Rectum","Ninja",28477,"OHSU -80 Freezer #4",1,,,,,,,,,,,
"Rectum","Weeza",28478,"OHSU -80 Freezer #4",1,,,,,,,,,,,
"Rectum","Magda",28480,"OHSU -80 Freezer #4",1,,,,,,,,,,,
"Rectum","Cha Cha",28481,"OHSU -80 Freezer #4",1,,,,,,,,,,,
"Rectum","Margaret",28482,"OHSU -80 Freezer #4",1,,,,,,,,,,,
"Rectum","Isis",28483,"OHSU -80 Freezer #4",1,,,,,,,,,,,
"Rectum","Rizzo",28484,"OHSU -80 Freezer #4",1,,,,,,,,,,,
"Skin","Ninja",28477,"OHSU -80 Freezer #4",1,,,,,,,,,,,
"Skin","Weeza",28478,"OHSU -80 Freezer #4",1,,,,,,,,,,,
"Skin","Magda",28480,"OHSU -80 Freezer #4",1,,,,,,,,,,,
"Skin","Cha Cha",28481,"OHSU -80 Freezer #4",1,,,,,,,,,,,
"Skin","Margaret",28482,"OHSU -80 Freezer #4",1,,,,,,,,,,,
"Skin","Isis",28483,"OHSU -80 Freezer #4",1,,,,,,,,,,,
"Skin","Rizzo",28484,"OHSU -80 Freezer #4",1,,,,,,,,,,,
"Spinal Cord (Cervical)","Ninja",28477,"OHSU -80 Freezer #4",1,,,,,,,,,,,
"Spinal Cord (Cervical)","Weeza",28478,"OHSU -80 Freezer #4",1,,,,,,,,,,,
"Spinal Cord (Cervical)","Magda",28480,"OHSU -80 Freezer #4",1,,,,,,,,,,,
"Spinal Cord (Cervical)","Cha Cha",28481,"OHSU -80 Freezer #4",1,,,,,,,,,,,
"Spinal Cord (Cervical)","Margaret",28482,"OHSU -80 Freezer #4",1,,,,,,,,,,,
"Spinal Cord (Cervical)","Isis",28483,"OHSU -80 Freezer #4",1,,,,,,,,,,,
"Spinal Cord (Cervical)","Rizzo",28484,"OHSU -80 Freezer #4",1,,,,,,,,,,,
"Spinal cord (Thoracic)","Ninja",28477,"OHSU -80 Freezer #4",1,,,,,,,,,,,
"Spinal cord (Thoracic)","Weeza",28478,"OHSU -80 Freezer #4",1,,,,,,,,,,,
"Spinal cord (Thoracic)","Magda",28480,"OHSU -80 Freezer #4",1,,,,,,,,,,,
"Spinal cord (Thoracic)","Cha Cha",28481,"OHSU -80 Freezer #4",1,,,,,,,,,,,
"Spinal cord (Thoracic)","Margaret",28482,"OHSU -80 Freezer #4",1,,,,,,,,,,,
"Spinal cord (Thoracic)","Isis",28483,"OHSU -80 Freezer #4",1,,,,,,,,,,,
"Spinal cord (Thoracic)","Rizzo",28484,"OHSU -80 Freezer #4",1,,,,,,,,,,,
"Spleen","Ninja",28477,"OHSU -80 Freezer #4",1,,,,,,,,,,,
"Spleen","Weeza",28478,"OHSU -80 Freezer #4",1,,,,,,,,,,,
"Spleen","Magda",28480,"OHSU -80 Freezer #4",1,,,,,,,,,,,
"Spleen","Cha Cha",28481,"OHSU -80 Freezer #4",1,,,,,,,,,,,
"Spleen","Margaret",28482,"OHSU -80 Freezer #4",1,,,,,,,,,,,
"Spleen","Isis",28483,"OHSU -80 Freezer #4",1,,,,,,,,,,,
"Spleen","Rizzo",28484,"OHSU -80 Freezer #4",1,,,,,,,,,,,
"Stomach","Ninja",28477,"OHSU -80 Freezer #4",1,,,,,,,,,,,
"Stomach","Weeza",28478,"OHSU -80 Freezer #4",1,,,,,,,,,,,
"Stomach","Magda",28480,"OHSU -80 Freezer #4",1,,,,,,,,,,,
"Stomach","Cha Cha",28481,"OHSU -80 Freezer #4",1,,,,,,,,,,,
"Stomach","Margaret",28482,"OHSU -80 Freezer #4",1,,,,,,,,,,,
"Stomach","Isis",28483,"OHSU -80 Freezer #4",1,,,,,,,,,,,
"Stomach","Rizzo",28484,"OHSU -80 Freezer #4",1,,,,,,,,,,,
"Thymus","Ninja",28477,"OHSU -80 Freezer #4",1,,,,,,,,,,,
"Thymus","Weeza",28478,"OHSU -80 Freezer #4",1,,,,,,,,,,,
"Thymus","Magda",28480,"OHSU -80 Freezer #4",1,,,,,,,,,,,
"Thymus","Cha Cha",28481,"OHSU -80 Freezer #4",1,,,,,,,,,,,
"Thymus","Margaret",28482,"OHSU -80 Freezer #4",1,,,,,,,,,,,
"Thymus","Isis",28483,"OHSU -80 Freezer #4",1,,,,,,,,,,,
"Thymus","Rizzo",28484,"OHSU -80 Freezer #4",1,,,,,,,,,,,
"Thyroid","Ninja",28477,"OHSU -80 Freezer #4",1,,,,,,,,,,,
"Thyroid","Weeza",28478,"OHSU -80 Freezer #4",1,,,,,,,,,,,
"Thyroid","Magda",28480,"OHSU -80 Freezer #4",1,,,,,,,,,,,
"Thyroid","Cha Cha",28481,"OHSU -80 Freezer #4",1,,,,,,,,,,,
"Thyroid","Margaret",28482,"OHSU -80 Freezer #4",1,,,,,,,,,,,
"Thyroid","Isis",28483,"OHSU -80 Freezer #4",1,,,,,,,,,,,
"Thyroid","Rizzo",28484,"OHSU -80 Freezer #4",1,,,,,,,,,,,
"Tongue","Ninja",28477,"OHSU -80 Freezer #4",1,,,,,,,,,,,
"Tongue","Weeza",28478,"OHSU -80 Freezer #4",1,,,,,,,,,,,
"Tongue","Magda",28480,"OHSU -80 Freezer #4",1,,,,,,,,,,,
"Tongue","Cha Cha",28481,"OHSU -80 Freezer #4",1,,,,,,,,,,,
"Tongue","Margaret",28482,"OHSU -80 Freezer #4",1,,,,,,,,,,,
"Tongue","Isis",28483,"OHSU -80 Freezer #4",1,,,,,,,,,,,
"Tongue","Rizzo",28484,"OHSU -80 Freezer #4",1,,,,,,,,,,,
"Urine","Ninja",28477,"OHSU -80 Freezer #4",1,,,,,,,,,,,
"Urine","Weeza",28478,"OHSU -80 Freezer #4",1,,,,,,,,,,,
"Urine","Magda",28480,"OHSU -80 Freezer #4",1,,,,,,,,,,,
"Urine","Cha Cha",28481,"OHSU -80 Freezer #4",1,,,,,,,,,,,
"Urine","Margaret",28482,"OHSU -80 Freezer #4",1,,,,,,,,,,,
"Urine","Isis",28483,"OHSU -80 Freezer #4",1,,,,,,,,,,,
"Urine","Rizzo",28484,"OHSU -80 Freezer #4",1,,,,,,,,,,,
